{
	"description": "项目配置文件",
	"packOptions": {
		"ignore": []
	},
	"setting": {
		"urlCheck": false,
		"es6": true,
		"postcss": true,
		"minified": true,
		"newFeature": true,
		"autoAudits": false
	},
	"compileType": "miniprogram",
	"libVersion": "2.6.4",
	"appid": "wx21a3fc1f3faba9af",
	"projectname": "mdwwl",
	"debugOptions": {
		"hidedInDevtools": []
	},
	"isGameTourist": false,
	"condition": {
		"search": {
			"current": -1,
			"list": []
		},
		"conversation": {
			"current": -1,
			"list": []
		},
		"plugin": {
			"current": -1,
			"list": []
		},
		"game": {
			"currentL": -1,
			"list": []
		},
		"miniprogram": {
			"current": 33,
			"list": [
				{
					"id": 0,
					"name": "商铺详情",
					"pathName": "pages/shopDetail/shopDetail",
					"query": "id=2",
					"scene": null
				},
				{
					"id": 1,
					"name": "支付",
					"pathName": "pages/pay/pay",
					"query": "shop_id=2",
					"scene": null
				},
				{
					"id": 2,
					"name": "商品详情",
					"pathName": "pages/goodsDetail/goodsDetail",
					"query": "id=1",
					"scene": null
				},
				{
					"id": 3,
					"name": "搜索",
					"pathName": "pages/search/search",
					"query": "id=17&lat=23.08331&lon=113.3172",
					"scene": null
				},
				{
					"id": -1,
					"name": "我的订单",
					"pathName": "pages/myOrder/myOrder",
					"query": "",
					"scene": null
				},
				{
					"id": 5,
					"name": "我的排队",
					"pathName": "pages/classify/classify",
					"query": "id=2",
					"scene": null
				},
				{
					"id": -1,
					"name": "个人中心",
					"pathName": "pages/userCenter/userCenter",
					"query": "",
					"scene": null
				},
				{
					"id": -1,
					"name": "联系客服",
					"pathName": "pages/keFu/keFu",
					"query": "",
					"scene": null
				},
				{
					"id": -1,
					"name": "手机验证",
					"pathName": "pages/verification/verification",
					"query": "",
					"scene": null
				},
				{
					"id": -1,
					"name": "申请入驻",
					"pathName": "pages/enter/enter",
					"query": "",
					"scene": null
				},
				{
					"id": -1,
					"name": "意见反馈",
					"pathName": "pages/feedback/feedback",
					"query": "",
					"scene": null
				},
				{
					"id": -1,
					"name": "扫码付款",
					"pathName": "pages/code/code",
					"query": "",
					"scene": null
				},
				{
					"id": -1,
					"name": "消息",
					"pathName": "pages/message/message",
					"query": "",
					"scene": null
				},
				{
					"id": 13,
					"name": "商家端-免单",
					"pathName": "pages/seller/FreeSheet/FreeSheet",
					"query": "id=38",
					"scene": null
				},
				{
					"id": 14,
					"name": "商家端-订单",
					"pathName": "pages/seller/order/order",
					"query": "",
					"scene": null
				},
				{
					"id": -1,
					"name": "商家端-个人信息",
					"pathName": "pages/seller/personalInfo/personalInfo",
					"query": "",
					"scene": null
				},
				{
					"id": -1,
					"name": "商家端-个人中心",
					"pathName": "pages/seller/personaCenter/personaCenter",
					"query": "",
					"scene": null
				},
				{
					"id": -1,
					"name": "商家端-商品列表",
					"pathName": "pages/seller/goodsList/goodsList",
					"query": "",
					"scene": null
				},
				{
					"id": -1,
					"name": "商家端-添加商品",
					"pathName": "pages/seller/addGoods/addGoods",
					"query": "",
					"scene": null
				},
				{
					"id": 19,
					"name": "商家端-关于我们",
					"pathName": "pages/seller/aboutUs/aboutUs",
					"query": "",
					"scene": null
				},
				{
					"id": 20,
					"name": "商家端-经营信息",
					"pathName": "pages/seller/ManagementInfo/ManagementInfo",
					"query": "",
					"scene": null
				},
				{
					"id": 21,
					"name": "商家端-开店申请",
					"pathName": "pages/seller/setUpShop/setUpShop",
					"query": "",
					"scene": null
				},
				{
					"id": 22,
					"name": "商家端-商家折扣",
					"pathName": "pages/seller/Discount/Discount",
					"query": "",
					"scene": null
				},
				{
					"id": 23,
					"name": "商家端-提现账号修改",
					"pathName": "pages/seller/AccountModification/AccountModification",
					"query": "",
					"scene": null
				},
				{
					"id": -1,
					"name": "商家端-提现中心",
					"pathName": "pages/seller/withdrawalCenter/withdrawalCenter",
					"query": "",
					"scene": null
				},
				{
					"id": -1,
					"name": "商家端-提现申请",
					"pathName": "pages/seller/getMoney/getMoney",
					"query": "",
					"scene": null
				},
				{
					"id": 26,
					"name": "商家端-消息中心",
					"pathName": "pages/seller/sellerMessage/sellerMessage",
					"query": "",
					"scene": null
				},
				{
					"id": -1,
					"name": "商家端-修改店铺信息",
					"pathName": "pages/seller/ModifiShop/ModifiShop",
					"query": "",
					"scene": null
				},
				{
					"id": -1,
					"name": "商家端-修改支付限额",
					"pathName": "pages/seller/ModifiPay/ModifiPay",
					"query": "",
					"scene": null
				},
				{
					"id": -1,
					"name": "商家端-购买二维码",
					"pathName": "pages/seller/code/code",
					"query": "",
					"scene": null
				},
				{
					"id": -1,
					"name": "商家端-二维码订单",
					"pathName": "pages/seller/codeOrder/codeOrder",
					"query": "",
					"scene": null
				},
				{
					"id": -1,
					"name": "商家端-二维码订单详情",
					"pathName": "pages/seller/codeOrderDetail/codeOrderDetail",
					"query": "",
					"scene": null
				},
				{
					"id": -1,
					"name": "图标",
					"pathName": "pages/icon/icon",
					"query": "",
					"scene": null
				},
				{
					"id": -1,
					"name": "商家端-申请折扣修改",
					"pathName": "pages/seller/sqzk/sqzk",
					"scene": null
				}
			]
		}
	}
}